[
    {
        "name": "Ostracized Game",
        "description": "Player will receive the ball just twice early on, and then never get the ball.",
        "video": "../../../assets/ostracized.mp4",
        "settings": {
            "player": {
              "leaveTrigger": 0,
              "leaveTurn": 10,
              "leaveTurnVariance": 2,
              "leaveTime": 120,
              "leaveTimeVariance": 30,
              "leaveIgnored": 10,
              "leaveIgnoredVariance": 2,
              "leaveTimeIgnored": 45,
              "leaveTimeIgnoredVariance": 15,
              "leaveOtherLeaver": 2,
              "name": "Player 1 (You)",
              "tint": "#ffffff"
            },
            "throwCount": 30,
            "timeLimit": 0,
            "displayTimeLimit": false,
            "timeLimitText": "Time Limit:",
            "ballSpeed": 350,
            "useSchedule": true,
            "changeColor": false,
            "scheduleHonorsThrowCount": true,
            "baseUrl": "./assets",
            "ballSprite": "ball.png",
            "portraitHeight": 75,
            "portraitPadding": 10,
            "chatEnabled": false,
            "gameOverText": "Game Over",
            "gameOverOpacity": 0.5,
            "computerPlayers": [
              {
                "leaveTrigger": 0,
                "leaveTurn": 10,
                "leaveTurnVariance": 2,
                "leaveTime": 120,
                "leaveTimeVariance": 30,
                "leaveIgnored": 10,
                "leaveIgnoredVariance": 2,
                "leaveTimeIgnored": 45,
                "leaveTimeIgnoredVariance": 15,
                "leaveOtherLeaver": 2,
                "targetPreference": [
                  50,
                  50
                ],
                "throwDelay": 500,
                "throwDelayVariance": 200,
                "catchDelay": 500,
                "catchDelayVariance": 200,
                "leaveTurnChance": 100,
                "leaveTimeChance": 100,
                "leaveIgnoredChance": 100,
                "leaveTimeIgnoredChance": 100,
                "leaveOtherLeaverChance": 50,
                "name": "Player 2",
                "portrait": ""
              },
              {
                "leaveTrigger": 0,
                "leaveTurn": 10,
                "leaveTurnVariance": 2,
                "leaveTime": 120,
                "leaveTimeVariance": 30,
                "leaveIgnored": 10,
                "leaveIgnoredVariance": 2,
                "leaveTimeIgnored": 45,
                "leaveTimeIgnoredVariance": 15,
                "leaveOtherLeaver": 2,
                "targetPreference": [
                  50,
                  50
                ],
                "throwDelay": 500,
                "throwDelayVariance": 200,
                "catchDelay": 500,
                "catchDelayVariance": 200,
                "leaveTurnChance": 100,
                "leaveTimeChance": 100,
                "leaveIgnoredChance": 100,
                "leaveTimeIgnoredChance": 100,
                "leaveOtherLeaverChance": 50,
                "name": "Player 3",
                "portrait": ""
              }
            ],
            "scheduleText": "2,13,3,3,3,3,3,3,3,3,3,3,3,3,3\n3,12,2,2,2,2,2,2,2,2,2,2,2,2,2"
          }
    },
    {
        "name": "Inclusion Game",
        "description": "Player is included in the game normally",
        "video": "../../../assets/inclusion.mp4",
        "settings": {
            "player": {
              "leaveTrigger": 0,
              "leaveTurn": 10,
              "leaveTurnVariance": 2,
              "leaveTime": 120,
              "leaveTimeVariance": 30,
              "leaveIgnored": 10,
              "leaveIgnoredVariance": 2,
              "leaveTimeIgnored": 45,
              "leaveTimeIgnoredVariance": 15,
              "leaveOtherLeaver": 2,
              "name": "Player 1 (You)"
            },
            "throwCount": 30,
            "timeLimit": 0,
            "displayTimeLimit": false,
            "timeLimitText": "Time Limit:",
            "ballSpeed": 350,
            "useSchedule": true,
            "changeColor": false,
            "scheduleHonorsThrowCount": true,
            "baseUrl": "./assets",
            "ballSprite": "ball.png",
            "portraitHeight": 75,
            "portraitPadding": 10,
            "chatEnabled": false,
            "gameOverText": "Game Over",
            "gameOverOpacity": 0.5,
            "computerPlayers": [
              {
                "leaveTrigger": 0,
                "leaveTurn": 10,
                "leaveTurnVariance": 2,
                "leaveTime": 120,
                "leaveTimeVariance": 30,
                "leaveIgnored": 10,
                "leaveIgnoredVariance": 2,
                "leaveTimeIgnored": 45,
                "leaveTimeIgnoredVariance": 15,
                "leaveOtherLeaver": 2,
                "targetPreference": [
                  50,
                  50
                ],
                "throwDelay": 500,
                "throwDelayVariance": 200,
                "catchDelay": 500,
                "catchDelayVariance": 200,
                "leaveTurnChance": 100,
                "leaveTimeChance": 100,
                "leaveIgnoredChance": 100,
                "leaveTimeIgnoredChance": 100,
                "leaveOtherLeaverChance": 50,
                "name": "Player 2",
                "portrait": ""
              },
              {
                "leaveTrigger": 0,
                "leaveTurn": 10,
                "leaveTurnVariance": 2,
                "leaveTime": 120,
                "leaveTimeVariance": 30,
                "leaveIgnored": 10,
                "leaveIgnoredVariance": 2,
                "leaveTimeIgnored": 45,
                "leaveTimeIgnoredVariance": 15,
                "leaveOtherLeaver": 2,
                "targetPreference": [
                  50,
                  50
                ],
                "throwDelay": 500,
                "throwDelayVariance": 200,
                "catchDelay": 500,
                "catchDelayVariance": 200,
                "leaveTurnChance": 100,
                "leaveTimeChance": 100,
                "leaveIgnoredChance": 100,
                "leaveTimeIgnoredChance": 100,
                "leaveOtherLeaverChance": 50,
                "name": "Player 3",
                "portrait": ""
              }
            ],
            "scheduleText": "2,13,13,13,13,13,13,13,13\n3,12,12,12,12,12,12,12,12"
          }
    }
]