{
  "name": "run",
  "description": "Builds the application and serves up the assets via a local web server, watching files for changes as you work.",
  "flags": [
    {
      "name": "env",
      "description": "Sets the build environment.",
      "type": "string"
    },
    {
      "name": "open",
      "description": "Open the default browser at the application location.",
      "type": "boolean"
    },
    {
      "name": "port",
      "description": "Set port number of the dev server",
      "type": "string"
    }
  ]
}